{
  "results": [
    {
      "command": "base",
      "mean": 0.60513749939,
      "stddev": 0.005661344396316902,
      "median": 0.6055234488400001,
      "user": 0.59162841,
      "system": 0.021744949999999996,
      "min": 0.59478164284,
      "max": 0.61629095784,
      "times": [
        0.61498400184,
        0.60620906084,
        0.61254258184,
        0.60523038084,
        0.60811120984,
        0.59720068084,
        0.60442999684,
        0.59478164284,
        0.60581651684,
        0.60395581684,
        0.60437034684,
        0.60078882184,
        0.59947955984,
        0.60117159284,
        0.60586942784,
        0.60605893484,
        0.61629095784,
        0.59778456484,
        0.6085920098400001,
        0.60908188184
      ],
      "memory_usage_byte": [
        117874688,
        117874688,
        117874688,
        117874688,
        117874688,
        117874688,
        117874688,
        117874688,
        117874688,
        117874688,
        117874688,
        117874688,
        117874688,
        117874688,
        117874688,
        117874688,
        117874688,
        117874688,
        117874688,
        117874688
      ],
      "exit_codes": [
        0,
        0,
        0,
        0,
        0,
        0,
        0,
        0,
        0,
        0,
        0,
        0,
        0,
        0,
        0,
        0,
        0,
        0,
        0,
        0
      ]
    },
    {
      "command": "no_utf16_ascii",
      "mean": 0.59808146814,
      "stddev": 0.007481310899538414,
      "median": 0.6006146808399999,
      "user": 0.5845784100000001,
      "system": 0.021469449999999998,
      "min": 0.58242899884,
      "max": 0.61030006684,
      "times": [
        0.60334786984,
        0.60349042784,
        0.60039635884,
        0.60650053384,
        0.58925710784,
        0.61030006684,
        0.59548852784,
        0.59333542284,
        0.59943199884,
        0.6010722818400001,
        0.60203285284,
        0.59787566084,
        0.59685879584,
        0.58436045784,
        0.60369944484,
        0.60083300284,
        0.58633493884,
        0.58242899884,
        0.60217867284,
        0.60240594084
      ],
      "memory_usage_byte": [
        117874688,
        117874688,
        117874688,
        117874688,
        117874688,
        117874688,
        117874688,
        117874688,
        117874688,
        117874688,
        117874688,
        117874688,
        117874688,
        117874688,
        117874688,
        117874688,
        117874688,
        117874688,
        117874688,
        117874688
      ],
      "exit_codes": [
        0,
        0,
        0,
        0,
        0,
        0,
        0,
        0,
        0,
        0,
        0,
        0,
        0,
        0,
        0,
        0,
        0,
        0,
        0,
        0
      ]
    },
    {
      "command": "serde_json_strings",
      "mean": 0.61099211199,
      "stddev": 0.005107713048399839,
      "median": 0.61178113834,
      "user": 0.59889576,
      "system": 0.020386949999999997,
      "min": 0.60082815384,
      "max": 0.61922538884,
      "times": [
        0.61482342184,
        0.61116296084,
        0.6153596878400001,
        0.61406838684,
        0.60980614584,
        0.60537379884,
        0.61786933984,
        0.60499723184,
        0.61239931584,
        0.61267857984,
        0.60082815384,
        0.60439250584,
        0.61758809084,
        0.61922538884,
        0.60457359384,
        0.60935900284,
        0.60788871684,
        0.61282610884,
        0.60976971184,
        0.61485209684
      ],
      "memory_usage_byte": [
        117874688,
        117874688,
        117874688,
        117874688,
        117874688,
        117874688,
        117874688,
        117874688,
        117874688,
        117874688,
        117874688,
        117874688,
        117874688,
        117874688,
        117874688,
        117874688,
        117874688,
        117874688,
        117874688,
        117874688
      ],
      "exit_codes": [
        0,
        0,
        0,
        0,
        0,
        0,
        0,
        0,
        0,
        0,
        0,
        0,
        0,
        0,
        0,
        0,
        0,
        0,
        0,
        0
      ]
    },
    {
      "command": "serde_json_values",
      "mean": 0.6145567666399999,
      "stddev": 0.007329728032545908,
      "median": 0.61557219884,
      "user": 0.60215581,
      "system": 0.02030175,
      "min": 0.60026745784,
      "max": 0.62922361084,
      "times": [
        0.61158007084,
        0.61053566184,
        0.61083971184,
        0.60026745784,
        0.62039820984,
        0.62161717184,
        0.60585678484,
        0.62089000784,
        0.61359159384,
        0.62922361084,
        0.61699127584,
        0.61473075684,
        0.62259423884,
        0.61530646384,
        0.60360744684,
        0.61963534884,
        0.61769044884,
        0.60320315684,
        0.61583793384,
        0.61673798084
      ],
      "memory_usage_byte": [
        117874688,
        117874688,
        117874688,
        117874688,
        117874688,
        117874688,
        117874688,
        117874688,
        117874688,
        117874688,
        117874688,
        117874688,
        117874688,
        117874688,
        117874688,
        117874688,
        117874688,
        117874688,
        117874688,
        117874688
      ],
      "exit_codes": [
        0,
        0,
        0,
        0,
        0,
        0,
        0,
        0,
        0,
        0,
        0,
        0,
        0,
        0,
        0,
        0,
        0,
        0,
        0,
        0
      ]
    },
    {
      "command": "preexpand_templates",
      "mean": 0.7486929303400001,
      "stddev": 0.008586896271259931,
      "median": 0.75010821484,
      "user": 0.73411511,
      "system": 0.0218717,
      "min": 0.73226054484,
      "max": 0.75912729684,
      "times": [
        0.75156541884,
        0.75298336784,
        0.74313062584,
        0.74954982284,
        0.75862805684,
        0.74733161684,
        0.75912729684,
        0.74567727684,
        0.74805660984,
        0.74526153884,
        0.7331119378400001,
        0.75066660684,
        0.75908595684,
        0.74213192484,
        0.73311063784,
        0.7566222098400001,
        0.73226054484,
        0.75559764184,
        0.7525542228400001,
        0.75740529184
      ],
      "memory_usage_byte": [
        117874688,
        117874688,
        117874688,
        117874688,
        117874688,
        117874688,
        117874688,
        117874688,
        117874688,
        117874688,
        117874688,
        117874688,
        117874688,
        117874688,
        117874688,
        117874688,
        117874688,
        117874688,
        117874688,
        117874688
      ],
      "exit_codes": [
        0,
        0,
        0,
        0,
        0,
        0,
        0,
        0,
        0,
        0,
        0,
        0,
        0,
        0,
        0,
        0,
        0,
        0,
        0,
        0
      ]
    },
    {
      "command": "chrono_datetime_format",
      "mean": 0.6239454818400001,
      "stddev": 0.006776627218743692,
      "median": 0.62557498734,
      "user": 0.6105368600000001,
      "system": 0.021592550000000002,
      "min": 0.61390945184,
      "max": 0.63519739484,
      "times": [
        0.62959976584,
        0.63323290884,
        0.61432134984,
        0.62799851784,
        0.62077427784,
        0.62508265584,
        0.63519739484,
        0.62779836484,
        0.62987203384,
        0.61390945184,
        0.61399171584,
        0.62895694884,
        0.62606731884,
        0.63142501484,
        0.61804914684,
        0.62105696584,
        0.6167927748400001,
        0.61756777684,
        0.61931845684,
        0.62789679584
      ],